intake_batch_id,intake_ts,patient_id,source_system,risk_tier,risk_score_raw,consent_sms,do_not_contact,phone_e164,last_pcp_visit_dt,chronic_condition_count,no_show_count_12m,preferred_language
batch_001,2026-10-05T08:00:00Z,P001,EHR,VIP,95,true,false,+13105550101,2026-06-07,4,1,EN
batch_001,2026-10-05T08:00:00Z,P002,EHR,HIGH,88,true,false,+13105550102,2026-03-09,3,2,EN
batch_001,2026-10-05T08:00:00Z,P003,EHR,HIGH,80,true,false,+13105550103,2026-09-20,6,1,ES
batch_001,2026-10-05T08:00:00Z,P004,EHR,VIP,92,true,false,+13105550104,2026-09-04,5,0,EN
batch_001,2026-10-05T08:00:00Z,P005,EHR,HIGH,75,true,false,+13105550105,2025-09-01,7,3,EN
batch_001,2026-10-05T08:00:00Z,P006,EHR,HIGH,70,true,false,3105550106,2026-05-15,2,0,EN
batch_001,2026-10-05T08:00:00Z,P007,EHR,HIGH,85,true,true,+13105550107,2026-01-10,5,2,EN
batch_001,2026-10-05T08:00:00Z,P008,EHR,HIGH,72,true,false,+13105550108,2026-08-05,1,4,EN
batch_001,2026-10-05T08:00:00Z,P009,EHR,HIGH,77,false,false,+13105550109,2026-04-30,3,2,EN
batch_001,2026-10-05T08:00:00Z,P010,EHR,HIGH,90,true,false,+13105550110,2026-02-12,6,1,EN
batch_001,2026-10-05T08:00:00Z,P011,EHR,HIGH,93,true,false,+13105550111,2026-01-22,8,2,EN
batch_001,2026-10-05T08:00:00Z,P012,EHR,HIGH,90,true,false,+13105550112,2025-10-01,7,3,EN
